{"overall_sari": 40.451243653958535, "addition": 7.011016328154701, "keep": 51.960498475559255, "deletion": 62.38221615816166, "similarity": 0.8726398490327697, "gram_out": 0.7352212965020171, "gram_orig": 0.9596797428900303, "simplicity_out": 0.49962777305165484, "simplicity_orig:": 0.29637248208486167, "len_out": 17.93854748603352, "len_orig": 19.720670391061454, "ls": 0, "dl": 0, "las": 0, "rl": 0, "par": 1501, "runtime": 2145.3677887916565}